combination,model_params,confusion_matrix,accuracy,true_positive,true_negative,false_positive,false_negative
"('remove 80% missing', 'remove 4s', 'PCA', 'SMOTE', 'XGBoost')","XGBClassifier(objective='binary:logistic', base_score=None, booster=None, callbacks=None, colsample_bylevel=None, colsample_bynode=None, colsample_bytree=None, device=None, early_stopping_rounds=None, enable_categorical=False, eval_metric=None, feature_types=None, gamma=None, grow_policy=None, importance_type=None, interaction_constraints=None, learning_rate=None, max_bin=None, max_cat_threshold=None, max_cat_to_onehot=None, max_delta_step=None, max_depth=None, max_leaves=None, min_child_weight=None, missing=nan, monotone_constraints=None, multi_strategy=None, n_estimators=None, n_jobs=None, num_parallel_tree=None, random_state=None, reg_alpha=None, reg_lambda=None, sampling_method=None, scale_pos_weight=None, subsample=None, tree_method=None, validate_parameters=None, verbosity=None)","[[362   4]
 [ 25   1]]",0.9260204081632653,1,362,4,25
"('remove 80% missing', 'remove 4s', 'PCA', 'SMOTE', 'RandomForest')","RandomForestClassifier(bootstrap=True, ccp_alpha=0.0, class_weight=None, criterion='gini', max_depth=None, max_features='auto', max_leaf_nodes=None, max_samples=None, min_impurity_decrease=0.0, min_samples_leaf=1, min_samples_split=2, min_weight_fraction_leaf=0.0, n_estimators=100, n_jobs=None, oob_score=False, random_state=None, verbose=0, warm_start=False)","[[366   0]
 [ 26   0]]",0.9336734693877551,0,366,0,26
"('remove 80% missing', 'remove 4s', 'PCA', 'ROSE', 'XGBoost')","XGBClassifier(objective='binary:logistic', base_score=None, booster=None, callbacks=None, colsample_bylevel=None, colsample_bynode=None, colsample_bytree=None, device=None, early_stopping_rounds=None, enable_categorical=False, eval_metric=None, feature_types=None, gamma=None, grow_policy=None, importance_type=None, interaction_constraints=None, learning_rate=None, max_bin=None, max_cat_threshold=None, max_cat_to_onehot=None, max_delta_step=None, max_depth=None, max_leaves=None, min_child_weight=None, missing=nan, monotone_constraints=None, multi_strategy=None, n_estimators=None, n_jobs=None, num_parallel_tree=None, random_state=None, reg_alpha=None, reg_lambda=None, sampling_method=None, scale_pos_weight=None, subsample=None, tree_method=None, validate_parameters=None, verbosity=None)","[[365   1]
 [ 26   0]]",0.9311224489795918,0,365,1,26
"('remove 80% missing', 'remove 4s', 'PCA', 'ROSE', 'RandomForest')","RandomForestClassifier(bootstrap=True, ccp_alpha=0.0, class_weight=None, criterion='gini', max_depth=None, max_features='auto', max_leaf_nodes=None, max_samples=None, min_impurity_decrease=0.0, min_samples_leaf=1, min_samples_split=2, min_weight_fraction_leaf=0.0, n_estimators=100, n_jobs=None, oob_score=False, random_state=None, verbose=0, warm_start=False)","[[366   0]
 [ 26   0]]",0.9336734693877551,0,366,0,26
"('remove 80% missing', 'remove 4s', 'Boruta', 'SMOTE', 'XGBoost')","XGBClassifier(objective='binary:logistic', base_score=None, booster=None, callbacks=None, colsample_bylevel=None, colsample_bynode=None, colsample_bytree=None, device=None, early_stopping_rounds=None, enable_categorical=False, eval_metric=None, feature_types=None, gamma=None, grow_policy=None, importance_type=None, interaction_constraints=None, learning_rate=None, max_bin=None, max_cat_threshold=None, max_cat_to_onehot=None, max_delta_step=None, max_depth=None, max_leaves=None, min_child_weight=None, missing=nan, monotone_constraints=None, multi_strategy=None, n_estimators=None, n_jobs=None, num_parallel_tree=None, random_state=None, reg_alpha=None, reg_lambda=None, sampling_method=None, scale_pos_weight=None, subsample=None, tree_method=None, validate_parameters=None, verbosity=None)","[[339  27]
 [ 19   7]]",0.8826530612244898,7,339,27,19
"('remove 80% missing', 'remove 4s', 'Boruta', 'SMOTE', 'RandomForest')","RandomForestClassifier(bootstrap=True, ccp_alpha=0.0, class_weight=None, criterion='gini', max_depth=None, max_features='auto', max_leaf_nodes=None, max_samples=None, min_impurity_decrease=0.0, min_samples_leaf=1, min_samples_split=2, min_weight_fraction_leaf=0.0, n_estimators=100, n_jobs=None, oob_score=False, random_state=None, verbose=0, warm_start=False)","[[341  25]
 [ 19   7]]",0.8877551020408163,7,341,25,19
"('remove 80% missing', 'remove 4s', 'Boruta', 'ROSE', 'XGBoost')","XGBClassifier(objective='binary:logistic', base_score=None, booster=None, callbacks=None, colsample_bylevel=None, colsample_bynode=None, colsample_bytree=None, device=None, early_stopping_rounds=None, enable_categorical=False, eval_metric=None, feature_types=None, gamma=None, grow_policy=None, importance_type=None, interaction_constraints=None, learning_rate=None, max_bin=None, max_cat_threshold=None, max_cat_to_onehot=None, max_delta_step=None, max_depth=None, max_leaves=None, min_child_weight=None, missing=nan, monotone_constraints=None, multi_strategy=None, n_estimators=None, n_jobs=None, num_parallel_tree=None, random_state=None, reg_alpha=None, reg_lambda=None, sampling_method=None, scale_pos_weight=None, subsample=None, tree_method=None, validate_parameters=None, verbosity=None)","[[357   9]
 [ 24   2]]",0.9158163265306123,2,357,9,24
"('remove 80% missing', 'remove 4s', 'Boruta', 'ROSE', 'RandomForest')","RandomForestClassifier(bootstrap=True, ccp_alpha=0.0, class_weight=None, criterion='gini', max_depth=None, max_features='auto', max_leaf_nodes=None, max_samples=None, min_impurity_decrease=0.0, min_samples_leaf=1, min_samples_split=2, min_weight_fraction_leaf=0.0, n_estimators=100, n_jobs=None, oob_score=False, random_state=None, verbose=0, warm_start=False)","[[361   5]
 [ 24   2]]",0.9260204081632653,2,361,5,24
"('remove 80% missing', 'replace with 4s boundary', 'PCA', 'SMOTE', 'XGBoost')","XGBClassifier(objective='binary:logistic', base_score=None, booster=None, callbacks=None, colsample_bylevel=None, colsample_bynode=None, colsample_bytree=None, device=None, early_stopping_rounds=None, enable_categorical=False, eval_metric=None, feature_types=None, gamma=None, grow_policy=None, importance_type=None, interaction_constraints=None, learning_rate=None, max_bin=None, max_cat_threshold=None, max_cat_to_onehot=None, max_delta_step=None, max_depth=None, max_leaves=None, min_child_weight=None, missing=nan, monotone_constraints=None, multi_strategy=None, n_estimators=None, n_jobs=None, num_parallel_tree=None, random_state=None, reg_alpha=None, reg_lambda=None, sampling_method=None, scale_pos_weight=None, subsample=None, tree_method=None, validate_parameters=None, verbosity=None)","[[358   8]
 [ 26   0]]",0.9132653061224489,0,358,8,26
"('remove 80% missing', 'replace with 4s boundary', 'PCA', 'SMOTE', 'RandomForest')","RandomForestClassifier(bootstrap=True, ccp_alpha=0.0, class_weight=None, criterion='gini', max_depth=None, max_features='auto', max_leaf_nodes=None, max_samples=None, min_impurity_decrease=0.0, min_samples_leaf=1, min_samples_split=2, min_weight_fraction_leaf=0.0, n_estimators=100, n_jobs=None, oob_score=False, random_state=None, verbose=0, warm_start=False)","[[366   0]
 [ 26   0]]",0.9336734693877551,0,366,0,26
"('remove 80% missing', 'replace with 4s boundary', 'PCA', 'ROSE', 'XGBoost')","XGBClassifier(objective='binary:logistic', base_score=None, booster=None, callbacks=None, colsample_bylevel=None, colsample_bynode=None, colsample_bytree=None, device=None, early_stopping_rounds=None, enable_categorical=False, eval_metric=None, feature_types=None, gamma=None, grow_policy=None, importance_type=None, interaction_constraints=None, learning_rate=None, max_bin=None, max_cat_threshold=None, max_cat_to_onehot=None, max_delta_step=None, max_depth=None, max_leaves=None, min_child_weight=None, missing=nan, monotone_constraints=None, multi_strategy=None, n_estimators=None, n_jobs=None, num_parallel_tree=None, random_state=None, reg_alpha=None, reg_lambda=None, sampling_method=None, scale_pos_weight=None, subsample=None, tree_method=None, validate_parameters=None, verbosity=None)","[[366   0]
 [ 26   0]]",0.9336734693877551,0,366,0,26
"('remove 80% missing', 'replace with 4s boundary', 'PCA', 'ROSE', 'RandomForest')","RandomForestClassifier(bootstrap=True, ccp_alpha=0.0, class_weight=None, criterion='gini', max_depth=None, max_features='auto', max_leaf_nodes=None, max_samples=None, min_impurity_decrease=0.0, min_samples_leaf=1, min_samples_split=2, min_weight_fraction_leaf=0.0, n_estimators=100, n_jobs=None, oob_score=False, random_state=None, verbose=0, warm_start=False)","[[366   0]
 [ 26   0]]",0.9336734693877551,0,366,0,26
"('remove 80% missing', 'replace with 4s boundary', 'Boruta', 'SMOTE', 'XGBoost')","XGBClassifier(objective='binary:logistic', base_score=None, booster=None, callbacks=None, colsample_bylevel=None, colsample_bynode=None, colsample_bytree=None, device=None, early_stopping_rounds=None, enable_categorical=False, eval_metric=None, feature_types=None, gamma=None, grow_policy=None, importance_type=None, interaction_constraints=None, learning_rate=None, max_bin=None, max_cat_threshold=None, max_cat_to_onehot=None, max_delta_step=None, max_depth=None, max_leaves=None, min_child_weight=None, missing=nan, monotone_constraints=None, multi_strategy=None, n_estimators=None, n_jobs=None, num_parallel_tree=None, random_state=None, reg_alpha=None, reg_lambda=None, sampling_method=None, scale_pos_weight=None, subsample=None, tree_method=None, validate_parameters=None, verbosity=None)","[[341  25]
 [ 18   8]]",0.8903061224489796,8,341,25,18
"('remove 80% missing', 'replace with 4s boundary', 'Boruta', 'SMOTE', 'RandomForest')","RandomForestClassifier(bootstrap=True, ccp_alpha=0.0, class_weight=None, criterion='gini', max_depth=None, max_features='auto', max_leaf_nodes=None, max_samples=None, min_impurity_decrease=0.0, min_samples_leaf=1, min_samples_split=2, min_weight_fraction_leaf=0.0, n_estimators=100, n_jobs=None, oob_score=False, random_state=None, verbose=0, warm_start=False)","[[342  24]
 [ 18   8]]",0.8928571428571429,8,342,24,18
"('remove 80% missing', 'replace with 4s boundary', 'Boruta', 'ROSE', 'XGBoost')","XGBClassifier(objective='binary:logistic', base_score=None, booster=None, callbacks=None, colsample_bylevel=None, colsample_bynode=None, colsample_bytree=None, device=None, early_stopping_rounds=None, enable_categorical=False, eval_metric=None, feature_types=None, gamma=None, grow_policy=None, importance_type=None, interaction_constraints=None, learning_rate=None, max_bin=None, max_cat_threshold=None, max_cat_to_onehot=None, max_delta_step=None, max_depth=None, max_leaves=None, min_child_weight=None, missing=nan, monotone_constraints=None, multi_strategy=None, n_estimators=None, n_jobs=None, num_parallel_tree=None, random_state=None, reg_alpha=None, reg_lambda=None, sampling_method=None, scale_pos_weight=None, subsample=None, tree_method=None, validate_parameters=None, verbosity=None)","[[356  10]
 [ 21   5]]",0.9209183673469388,5,356,10,21
"('remove 80% missing', 'replace with 4s boundary', 'Boruta', 'ROSE', 'RandomForest')","RandomForestClassifier(bootstrap=True, ccp_alpha=0.0, class_weight=None, criterion='gini', max_depth=None, max_features='auto', max_leaf_nodes=None, max_samples=None, min_impurity_decrease=0.0, min_samples_leaf=1, min_samples_split=2, min_weight_fraction_leaf=0.0, n_estimators=100, n_jobs=None, oob_score=False, random_state=None, verbose=0, warm_start=False)","[[359   7]
 [ 22   4]]",0.9260204081632653,4,359,7,22
"('remove 80% missing', 'Keep', 'PCA', 'SMOTE', 'XGBoost')","XGBClassifier(objective='binary:logistic', base_score=None, booster=None, callbacks=None, colsample_bylevel=None, colsample_bynode=None, colsample_bytree=None, device=None, early_stopping_rounds=None, enable_categorical=False, eval_metric=None, feature_types=None, gamma=None, grow_policy=None, importance_type=None, interaction_constraints=None, learning_rate=None, max_bin=None, max_cat_threshold=None, max_cat_to_onehot=None, max_delta_step=None, max_depth=None, max_leaves=None, min_child_weight=None, missing=nan, monotone_constraints=None, multi_strategy=None, n_estimators=None, n_jobs=None, num_parallel_tree=None, random_state=None, reg_alpha=None, reg_lambda=None, sampling_method=None, scale_pos_weight=None, subsample=None, tree_method=None, validate_parameters=None, verbosity=None)","[[358   8]
 [ 25   1]]",0.9158163265306123,1,358,8,25
"('remove 80% missing', 'Keep', 'PCA', 'SMOTE', 'RandomForest')","RandomForestClassifier(bootstrap=True, ccp_alpha=0.0, class_weight=None, criterion='gini', max_depth=None, max_features='auto', max_leaf_nodes=None, max_samples=None, min_impurity_decrease=0.0, min_samples_leaf=1, min_samples_split=2, min_weight_fraction_leaf=0.0, n_estimators=100, n_jobs=None, oob_score=False, random_state=None, verbose=0, warm_start=False)","[[364   2]
 [ 26   0]]",0.9285714285714286,0,364,2,26
"('remove 80% missing', 'Keep', 'PCA', 'ROSE', 'XGBoost')","XGBClassifier(objective='binary:logistic', base_score=None, booster=None, callbacks=None, colsample_bylevel=None, colsample_bynode=None, colsample_bytree=None, device=None, early_stopping_rounds=None, enable_categorical=False, eval_metric=None, feature_types=None, gamma=None, grow_policy=None, importance_type=None, interaction_constraints=None, learning_rate=None, max_bin=None, max_cat_threshold=None, max_cat_to_onehot=None, max_delta_step=None, max_depth=None, max_leaves=None, min_child_weight=None, missing=nan, monotone_constraints=None, multi_strategy=None, n_estimators=None, n_jobs=None, num_parallel_tree=None, random_state=None, reg_alpha=None, reg_lambda=None, sampling_method=None, scale_pos_weight=None, subsample=None, tree_method=None, validate_parameters=None, verbosity=None)","[[365   1]
 [ 25   1]]",0.9336734693877551,1,365,1,25
"('remove 80% missing', 'Keep', 'PCA', 'ROSE', 'RandomForest')","RandomForestClassifier(bootstrap=True, ccp_alpha=0.0, class_weight=None, criterion='gini', max_depth=None, max_features='auto', max_leaf_nodes=None, max_samples=None, min_impurity_decrease=0.0, min_samples_leaf=1, min_samples_split=2, min_weight_fraction_leaf=0.0, n_estimators=100, n_jobs=None, oob_score=False, random_state=None, verbose=0, warm_start=False)","[[366   0]
 [ 26   0]]",0.9336734693877551,0,366,0,26
"('remove 80% missing', 'Keep', 'Boruta', 'SMOTE', 'XGBoost')","XGBClassifier(objective='binary:logistic', base_score=None, booster=None, callbacks=None, colsample_bylevel=None, colsample_bynode=None, colsample_bytree=None, device=None, early_stopping_rounds=None, enable_categorical=False, eval_metric=None, feature_types=None, gamma=None, grow_policy=None, importance_type=None, interaction_constraints=None, learning_rate=None, max_bin=None, max_cat_threshold=None, max_cat_to_onehot=None, max_delta_step=None, max_depth=None, max_leaves=None, min_child_weight=None, missing=nan, monotone_constraints=None, multi_strategy=None, n_estimators=None, n_jobs=None, num_parallel_tree=None, random_state=None, reg_alpha=None, reg_lambda=None, sampling_method=None, scale_pos_weight=None, subsample=None, tree_method=None, validate_parameters=None, verbosity=None)","[[343  23]
 [ 18   8]]",0.8954081632653061,8,343,23,18
"('remove 80% missing', 'Keep', 'Boruta', 'SMOTE', 'RandomForest')","RandomForestClassifier(bootstrap=True, ccp_alpha=0.0, class_weight=None, criterion='gini', max_depth=None, max_features='auto', max_leaf_nodes=None, max_samples=None, min_impurity_decrease=0.0, min_samples_leaf=1, min_samples_split=2, min_weight_fraction_leaf=0.0, n_estimators=100, n_jobs=None, oob_score=False, random_state=None, verbose=0, warm_start=False)","[[335  31]
 [ 18   8]]",0.875,8,335,31,18
"('remove 80% missing', 'Keep', 'Boruta', 'ROSE', 'XGBoost')","XGBClassifier(objective='binary:logistic', base_score=None, booster=None, callbacks=None, colsample_bylevel=None, colsample_bynode=None, colsample_bytree=None, device=None, early_stopping_rounds=None, enable_categorical=False, eval_metric=None, feature_types=None, gamma=None, grow_policy=None, importance_type=None, interaction_constraints=None, learning_rate=None, max_bin=None, max_cat_threshold=None, max_cat_to_onehot=None, max_delta_step=None, max_depth=None, max_leaves=None, min_child_weight=None, missing=nan, monotone_constraints=None, multi_strategy=None, n_estimators=None, n_jobs=None, num_parallel_tree=None, random_state=None, reg_alpha=None, reg_lambda=None, sampling_method=None, scale_pos_weight=None, subsample=None, tree_method=None, validate_parameters=None, verbosity=None)","[[354  12]
 [ 23   3]]",0.9107142857142857,3,354,12,23
"('remove 80% missing', 'Keep', 'Boruta', 'ROSE', 'RandomForest')","RandomForestClassifier(bootstrap=True, ccp_alpha=0.0, class_weight=None, criterion='gini', max_depth=None, max_features='auto', max_leaf_nodes=None, max_samples=None, min_impurity_decrease=0.0, min_samples_leaf=1, min_samples_split=2, min_weight_fraction_leaf=0.0, n_estimators=100, n_jobs=None, oob_score=False, random_state=None, verbose=0, warm_start=False)","[[360   6]
 [ 24   2]]",0.923469387755102,2,360,6,24
"('remove 60% missing', 'remove 4s', 'PCA', 'SMOTE', 'XGBoost')","XGBClassifier(objective='binary:logistic', base_score=None, booster=None, callbacks=None, colsample_bylevel=None, colsample_bynode=None, colsample_bytree=None, device=None, early_stopping_rounds=None, enable_categorical=False, eval_metric=None, feature_types=None, gamma=None, grow_policy=None, importance_type=None, interaction_constraints=None, learning_rate=None, max_bin=None, max_cat_threshold=None, max_cat_to_onehot=None, max_delta_step=None, max_depth=None, max_leaves=None, min_child_weight=None, missing=nan, monotone_constraints=None, multi_strategy=None, n_estimators=None, n_jobs=None, num_parallel_tree=None, random_state=None, reg_alpha=None, reg_lambda=None, sampling_method=None, scale_pos_weight=None, subsample=None, tree_method=None, validate_parameters=None, verbosity=None)","[[360   6]
 [ 25   1]]",0.9209183673469388,1,360,6,25
"('remove 60% missing', 'remove 4s', 'PCA', 'SMOTE', 'RandomForest')","RandomForestClassifier(bootstrap=True, ccp_alpha=0.0, class_weight=None, criterion='gini', max_depth=None, max_features='auto', max_leaf_nodes=None, max_samples=None, min_impurity_decrease=0.0, min_samples_leaf=1, min_samples_split=2, min_weight_fraction_leaf=0.0, n_estimators=100, n_jobs=None, oob_score=False, random_state=None, verbose=0, warm_start=False)","[[365   1]
 [ 26   0]]",0.9311224489795918,0,365,1,26
"('remove 60% missing', 'remove 4s', 'PCA', 'ROSE', 'XGBoost')","XGBClassifier(objective='binary:logistic', base_score=None, booster=None, callbacks=None, colsample_bylevel=None, colsample_bynode=None, colsample_bytree=None, device=None, early_stopping_rounds=None, enable_categorical=False, eval_metric=None, feature_types=None, gamma=None, grow_policy=None, importance_type=None, interaction_constraints=None, learning_rate=None, max_bin=None, max_cat_threshold=None, max_cat_to_onehot=None, max_delta_step=None, max_depth=None, max_leaves=None, min_child_weight=None, missing=nan, monotone_constraints=None, multi_strategy=None, n_estimators=None, n_jobs=None, num_parallel_tree=None, random_state=None, reg_alpha=None, reg_lambda=None, sampling_method=None, scale_pos_weight=None, subsample=None, tree_method=None, validate_parameters=None, verbosity=None)","[[365   1]
 [ 25   1]]",0.9336734693877551,1,365,1,25
"('remove 60% missing', 'remove 4s', 'PCA', 'ROSE', 'RandomForest')","RandomForestClassifier(bootstrap=True, ccp_alpha=0.0, class_weight=None, criterion='gini', max_depth=None, max_features='auto', max_leaf_nodes=None, max_samples=None, min_impurity_decrease=0.0, min_samples_leaf=1, min_samples_split=2, min_weight_fraction_leaf=0.0, n_estimators=100, n_jobs=None, oob_score=False, random_state=None, verbose=0, warm_start=False)","[[366   0]
 [ 26   0]]",0.9336734693877551,0,366,0,26
"('remove 60% missing', 'remove 4s', 'Boruta', 'SMOTE', 'XGBoost')","XGBClassifier(objective='binary:logistic', base_score=None, booster=None, callbacks=None, colsample_bylevel=None, colsample_bynode=None, colsample_bytree=None, device=None, early_stopping_rounds=None, enable_categorical=False, eval_metric=None, feature_types=None, gamma=None, grow_policy=None, importance_type=None, interaction_constraints=None, learning_rate=None, max_bin=None, max_cat_threshold=None, max_cat_to_onehot=None, max_delta_step=None, max_depth=None, max_leaves=None, min_child_weight=None, missing=nan, monotone_constraints=None, multi_strategy=None, n_estimators=None, n_jobs=None, num_parallel_tree=None, random_state=None, reg_alpha=None, reg_lambda=None, sampling_method=None, scale_pos_weight=None, subsample=None, tree_method=None, validate_parameters=None, verbosity=None)","[[345  21]
 [ 21   5]]",0.8928571428571429,5,345,21,21
"('remove 60% missing', 'remove 4s', 'Boruta', 'SMOTE', 'RandomForest')","RandomForestClassifier(bootstrap=True, ccp_alpha=0.0, class_weight=None, criterion='gini', max_depth=None, max_features='auto', max_leaf_nodes=None, max_samples=None, min_impurity_decrease=0.0, min_samples_leaf=1, min_samples_split=2, min_weight_fraction_leaf=0.0, n_estimators=100, n_jobs=None, oob_score=False, random_state=None, verbose=0, warm_start=False)","[[339  27]
 [ 19   7]]",0.8826530612244898,7,339,27,19
"('remove 60% missing', 'remove 4s', 'Boruta', 'ROSE', 'XGBoost')","XGBClassifier(objective='binary:logistic', base_score=None, booster=None, callbacks=None, colsample_bylevel=None, colsample_bynode=None, colsample_bytree=None, device=None, early_stopping_rounds=None, enable_categorical=False, eval_metric=None, feature_types=None, gamma=None, grow_policy=None, importance_type=None, interaction_constraints=None, learning_rate=None, max_bin=None, max_cat_threshold=None, max_cat_to_onehot=None, max_delta_step=None, max_depth=None, max_leaves=None, min_child_weight=None, missing=nan, monotone_constraints=None, multi_strategy=None, n_estimators=None, n_jobs=None, num_parallel_tree=None, random_state=None, reg_alpha=None, reg_lambda=None, sampling_method=None, scale_pos_weight=None, subsample=None, tree_method=None, validate_parameters=None, verbosity=None)","[[359   7]
 [ 23   3]]",0.923469387755102,3,359,7,23
"('remove 60% missing', 'remove 4s', 'Boruta', 'ROSE', 'RandomForest')","RandomForestClassifier(bootstrap=True, ccp_alpha=0.0, class_weight=None, criterion='gini', max_depth=None, max_features='auto', max_leaf_nodes=None, max_samples=None, min_impurity_decrease=0.0, min_samples_leaf=1, min_samples_split=2, min_weight_fraction_leaf=0.0, n_estimators=100, n_jobs=None, oob_score=False, random_state=None, verbose=0, warm_start=False)","[[362   4]
 [ 23   3]]",0.9311224489795918,3,362,4,23
"('remove 60% missing', 'replace with 4s boundary', 'PCA', 'SMOTE', 'XGBoost')","XGBClassifier(objective='binary:logistic', base_score=None, booster=None, callbacks=None, colsample_bylevel=None, colsample_bynode=None, colsample_bytree=None, device=None, early_stopping_rounds=None, enable_categorical=False, eval_metric=None, feature_types=None, gamma=None, grow_policy=None, importance_type=None, interaction_constraints=None, learning_rate=None, max_bin=None, max_cat_threshold=None, max_cat_to_onehot=None, max_delta_step=None, max_depth=None, max_leaves=None, min_child_weight=None, missing=nan, monotone_constraints=None, multi_strategy=None, n_estimators=None, n_jobs=None, num_parallel_tree=None, random_state=None, reg_alpha=None, reg_lambda=None, sampling_method=None, scale_pos_weight=None, subsample=None, tree_method=None, validate_parameters=None, verbosity=None)","[[363   3]
 [ 24   2]]",0.9311224489795918,2,363,3,24
"('remove 60% missing', 'replace with 4s boundary', 'PCA', 'SMOTE', 'RandomForest')","RandomForestClassifier(bootstrap=True, ccp_alpha=0.0, class_weight=None, criterion='gini', max_depth=None, max_features='auto', max_leaf_nodes=None, max_samples=None, min_impurity_decrease=0.0, min_samples_leaf=1, min_samples_split=2, min_weight_fraction_leaf=0.0, n_estimators=100, n_jobs=None, oob_score=False, random_state=None, verbose=0, warm_start=False)","[[366   0]
 [ 26   0]]",0.9336734693877551,0,366,0,26
"('remove 60% missing', 'replace with 4s boundary', 'PCA', 'ROSE', 'XGBoost')","XGBClassifier(objective='binary:logistic', base_score=None, booster=None, callbacks=None, colsample_bylevel=None, colsample_bynode=None, colsample_bytree=None, device=None, early_stopping_rounds=None, enable_categorical=False, eval_metric=None, feature_types=None, gamma=None, grow_policy=None, importance_type=None, interaction_constraints=None, learning_rate=None, max_bin=None, max_cat_threshold=None, max_cat_to_onehot=None, max_delta_step=None, max_depth=None, max_leaves=None, min_child_weight=None, missing=nan, monotone_constraints=None, multi_strategy=None, n_estimators=None, n_jobs=None, num_parallel_tree=None, random_state=None, reg_alpha=None, reg_lambda=None, sampling_method=None, scale_pos_weight=None, subsample=None, tree_method=None, validate_parameters=None, verbosity=None)","[[366   0]
 [ 26   0]]",0.9336734693877551,0,366,0,26
"('remove 60% missing', 'replace with 4s boundary', 'PCA', 'ROSE', 'RandomForest')","RandomForestClassifier(bootstrap=True, ccp_alpha=0.0, class_weight=None, criterion='gini', max_depth=None, max_features='auto', max_leaf_nodes=None, max_samples=None, min_impurity_decrease=0.0, min_samples_leaf=1, min_samples_split=2, min_weight_fraction_leaf=0.0, n_estimators=100, n_jobs=None, oob_score=False, random_state=None, verbose=0, warm_start=False)","[[366   0]
 [ 26   0]]",0.9336734693877551,0,366,0,26
"('remove 60% missing', 'replace with 4s boundary', 'Boruta', 'SMOTE', 'XGBoost')","XGBClassifier(objective='binary:logistic', base_score=None, booster=None, callbacks=None, colsample_bylevel=None, colsample_bynode=None, colsample_bytree=None, device=None, early_stopping_rounds=None, enable_categorical=False, eval_metric=None, feature_types=None, gamma=None, grow_policy=None, importance_type=None, interaction_constraints=None, learning_rate=None, max_bin=None, max_cat_threshold=None, max_cat_to_onehot=None, max_delta_step=None, max_depth=None, max_leaves=None, min_child_weight=None, missing=nan, monotone_constraints=None, multi_strategy=None, n_estimators=None, n_jobs=None, num_parallel_tree=None, random_state=None, reg_alpha=None, reg_lambda=None, sampling_method=None, scale_pos_weight=None, subsample=None, tree_method=None, validate_parameters=None, verbosity=None)","[[335  31]
 [ 18   8]]",0.875,8,335,31,18
"('remove 60% missing', 'replace with 4s boundary', 'Boruta', 'SMOTE', 'RandomForest')","RandomForestClassifier(bootstrap=True, ccp_alpha=0.0, class_weight=None, criterion='gini', max_depth=None, max_features='auto', max_leaf_nodes=None, max_samples=None, min_impurity_decrease=0.0, min_samples_leaf=1, min_samples_split=2, min_weight_fraction_leaf=0.0, n_estimators=100, n_jobs=None, oob_score=False, random_state=None, verbose=0, warm_start=False)","[[342  24]
 [ 18   8]]",0.8928571428571429,8,342,24,18
"('remove 60% missing', 'replace with 4s boundary', 'Boruta', 'ROSE', 'XGBoost')","XGBClassifier(objective='binary:logistic', base_score=None, booster=None, callbacks=None, colsample_bylevel=None, colsample_bynode=None, colsample_bytree=None, device=None, early_stopping_rounds=None, enable_categorical=False, eval_metric=None, feature_types=None, gamma=None, grow_policy=None, importance_type=None, interaction_constraints=None, learning_rate=None, max_bin=None, max_cat_threshold=None, max_cat_to_onehot=None, max_delta_step=None, max_depth=None, max_leaves=None, min_child_weight=None, missing=nan, monotone_constraints=None, multi_strategy=None, n_estimators=None, n_jobs=None, num_parallel_tree=None, random_state=None, reg_alpha=None, reg_lambda=None, sampling_method=None, scale_pos_weight=None, subsample=None, tree_method=None, validate_parameters=None, verbosity=None)","[[352  14]
 [ 22   4]]",0.9081632653061225,4,352,14,22
"('remove 60% missing', 'replace with 4s boundary', 'Boruta', 'ROSE', 'RandomForest')","RandomForestClassifier(bootstrap=True, ccp_alpha=0.0, class_weight=None, criterion='gini', max_depth=None, max_features='auto', max_leaf_nodes=None, max_samples=None, min_impurity_decrease=0.0, min_samples_leaf=1, min_samples_split=2, min_weight_fraction_leaf=0.0, n_estimators=100, n_jobs=None, oob_score=False, random_state=None, verbose=0, warm_start=False)","[[360   6]
 [ 21   5]]",0.9311224489795918,5,360,6,21
"('remove 60% missing', 'Keep', 'PCA', 'SMOTE', 'XGBoost')","XGBClassifier(objective='binary:logistic', base_score=None, booster=None, callbacks=None, colsample_bylevel=None, colsample_bynode=None, colsample_bytree=None, device=None, early_stopping_rounds=None, enable_categorical=False, eval_metric=None, feature_types=None, gamma=None, grow_policy=None, importance_type=None, interaction_constraints=None, learning_rate=None, max_bin=None, max_cat_threshold=None, max_cat_to_onehot=None, max_delta_step=None, max_depth=None, max_leaves=None, min_child_weight=None, missing=nan, monotone_constraints=None, multi_strategy=None, n_estimators=None, n_jobs=None, num_parallel_tree=None, random_state=None, reg_alpha=None, reg_lambda=None, sampling_method=None, scale_pos_weight=None, subsample=None, tree_method=None, validate_parameters=None, verbosity=None)","[[362   4]
 [ 25   1]]",0.9260204081632653,1,362,4,25
"('remove 60% missing', 'Keep', 'PCA', 'SMOTE', 'RandomForest')","RandomForestClassifier(bootstrap=True, ccp_alpha=0.0, class_weight=None, criterion='gini', max_depth=None, max_features='auto', max_leaf_nodes=None, max_samples=None, min_impurity_decrease=0.0, min_samples_leaf=1, min_samples_split=2, min_weight_fraction_leaf=0.0, n_estimators=100, n_jobs=None, oob_score=False, random_state=None, verbose=0, warm_start=False)","[[364   2]
 [ 26   0]]",0.9285714285714286,0,364,2,26
"('remove 60% missing', 'Keep', 'PCA', 'ROSE', 'XGBoost')","XGBClassifier(objective='binary:logistic', base_score=None, booster=None, callbacks=None, colsample_bylevel=None, colsample_bynode=None, colsample_bytree=None, device=None, early_stopping_rounds=None, enable_categorical=False, eval_metric=None, feature_types=None, gamma=None, grow_policy=None, importance_type=None, interaction_constraints=None, learning_rate=None, max_bin=None, max_cat_threshold=None, max_cat_to_onehot=None, max_delta_step=None, max_depth=None, max_leaves=None, min_child_weight=None, missing=nan, monotone_constraints=None, multi_strategy=None, n_estimators=None, n_jobs=None, num_parallel_tree=None, random_state=None, reg_alpha=None, reg_lambda=None, sampling_method=None, scale_pos_weight=None, subsample=None, tree_method=None, validate_parameters=None, verbosity=None)","[[366   0]
 [ 25   1]]",0.9362244897959183,1,366,0,25
"('remove 60% missing', 'Keep', 'PCA', 'ROSE', 'RandomForest')","RandomForestClassifier(bootstrap=True, ccp_alpha=0.0, class_weight=None, criterion='gini', max_depth=None, max_features='auto', max_leaf_nodes=None, max_samples=None, min_impurity_decrease=0.0, min_samples_leaf=1, min_samples_split=2, min_weight_fraction_leaf=0.0, n_estimators=100, n_jobs=None, oob_score=False, random_state=None, verbose=0, warm_start=False)","[[366   0]
 [ 26   0]]",0.9336734693877551,0,366,0,26
"('remove 60% missing', 'Keep', 'Boruta', 'SMOTE', 'XGBoost')","XGBClassifier(objective='binary:logistic', base_score=None, booster=None, callbacks=None, colsample_bylevel=None, colsample_bynode=None, colsample_bytree=None, device=None, early_stopping_rounds=None, enable_categorical=False, eval_metric=None, feature_types=None, gamma=None, grow_policy=None, importance_type=None, interaction_constraints=None, learning_rate=None, max_bin=None, max_cat_threshold=None, max_cat_to_onehot=None, max_delta_step=None, max_depth=None, max_leaves=None, min_child_weight=None, missing=nan, monotone_constraints=None, multi_strategy=None, n_estimators=None, n_jobs=None, num_parallel_tree=None, random_state=None, reg_alpha=None, reg_lambda=None, sampling_method=None, scale_pos_weight=None, subsample=None, tree_method=None, validate_parameters=None, verbosity=None)","[[342  24]
 [ 17   9]]",0.8954081632653061,9,342,24,17
"('remove 60% missing', 'Keep', 'Boruta', 'SMOTE', 'RandomForest')","RandomForestClassifier(bootstrap=True, ccp_alpha=0.0, class_weight=None, criterion='gini', max_depth=None, max_features='auto', max_leaf_nodes=None, max_samples=None, min_impurity_decrease=0.0, min_samples_leaf=1, min_samples_split=2, min_weight_fraction_leaf=0.0, n_estimators=100, n_jobs=None, oob_score=False, random_state=None, verbose=0, warm_start=False)","[[341  25]
 [ 18   8]]",0.8903061224489796,8,341,25,18
"('remove 60% missing', 'Keep', 'Boruta', 'ROSE', 'XGBoost')","XGBClassifier(objective='binary:logistic', base_score=None, booster=None, callbacks=None, colsample_bylevel=None, colsample_bynode=None, colsample_bytree=None, device=None, early_stopping_rounds=None, enable_categorical=False, eval_metric=None, feature_types=None, gamma=None, grow_policy=None, importance_type=None, interaction_constraints=None, learning_rate=None, max_bin=None, max_cat_threshold=None, max_cat_to_onehot=None, max_delta_step=None, max_depth=None, max_leaves=None, min_child_weight=None, missing=nan, monotone_constraints=None, multi_strategy=None, n_estimators=None, n_jobs=None, num_parallel_tree=None, random_state=None, reg_alpha=None, reg_lambda=None, sampling_method=None, scale_pos_weight=None, subsample=None, tree_method=None, validate_parameters=None, verbosity=None)","[[353  13]
 [ 22   4]]",0.9107142857142857,4,353,13,22
"('remove 60% missing', 'Keep', 'Boruta', 'ROSE', 'RandomForest')","RandomForestClassifier(bootstrap=True, ccp_alpha=0.0, class_weight=None, criterion='gini', max_depth=None, max_features='auto', max_leaf_nodes=None, max_samples=None, min_impurity_decrease=0.0, min_samples_leaf=1, min_samples_split=2, min_weight_fraction_leaf=0.0, n_estimators=100, n_jobs=None, oob_score=False, random_state=None, verbose=0, warm_start=False)","[[360   6]
 [ 21   5]]",0.9311224489795918,5,360,6,21
"('remove 50% missing', 'remove 4s', 'PCA', 'SMOTE', 'XGBoost')","XGBClassifier(objective='binary:logistic', base_score=None, booster=None, callbacks=None, colsample_bylevel=None, colsample_bynode=None, colsample_bytree=None, device=None, early_stopping_rounds=None, enable_categorical=False, eval_metric=None, feature_types=None, gamma=None, grow_policy=None, importance_type=None, interaction_constraints=None, learning_rate=None, max_bin=None, max_cat_threshold=None, max_cat_to_onehot=None, max_delta_step=None, max_depth=None, max_leaves=None, min_child_weight=None, missing=nan, monotone_constraints=None, multi_strategy=None, n_estimators=None, n_jobs=None, num_parallel_tree=None, random_state=None, reg_alpha=None, reg_lambda=None, sampling_method=None, scale_pos_weight=None, subsample=None, tree_method=None, validate_parameters=None, verbosity=None)","[[362   4]
 [ 26   0]]",0.923469387755102,0,362,4,26
"('remove 50% missing', 'remove 4s', 'PCA', 'SMOTE', 'RandomForest')","RandomForestClassifier(bootstrap=True, ccp_alpha=0.0, class_weight=None, criterion='gini', max_depth=None, max_features='auto', max_leaf_nodes=None, max_samples=None, min_impurity_decrease=0.0, min_samples_leaf=1, min_samples_split=2, min_weight_fraction_leaf=0.0, n_estimators=100, n_jobs=None, oob_score=False, random_state=None, verbose=0, warm_start=False)","[[366   0]
 [ 26   0]]",0.9336734693877551,0,366,0,26
"('remove 50% missing', 'remove 4s', 'PCA', 'ROSE', 'XGBoost')","XGBClassifier(objective='binary:logistic', base_score=None, booster=None, callbacks=None, colsample_bylevel=None, colsample_bynode=None, colsample_bytree=None, device=None, early_stopping_rounds=None, enable_categorical=False, eval_metric=None, feature_types=None, gamma=None, grow_policy=None, importance_type=None, interaction_constraints=None, learning_rate=None, max_bin=None, max_cat_threshold=None, max_cat_to_onehot=None, max_delta_step=None, max_depth=None, max_leaves=None, min_child_weight=None, missing=nan, monotone_constraints=None, multi_strategy=None, n_estimators=None, n_jobs=None, num_parallel_tree=None, random_state=None, reg_alpha=None, reg_lambda=None, sampling_method=None, scale_pos_weight=None, subsample=None, tree_method=None, validate_parameters=None, verbosity=None)","[[366   0]
 [ 26   0]]",0.9336734693877551,0,366,0,26
"('remove 50% missing', 'remove 4s', 'PCA', 'ROSE', 'RandomForest')","RandomForestClassifier(bootstrap=True, ccp_alpha=0.0, class_weight=None, criterion='gini', max_depth=None, max_features='auto', max_leaf_nodes=None, max_samples=None, min_impurity_decrease=0.0, min_samples_leaf=1, min_samples_split=2, min_weight_fraction_leaf=0.0, n_estimators=100, n_jobs=None, oob_score=False, random_state=None, verbose=0, warm_start=False)","[[366   0]
 [ 26   0]]",0.9336734693877551,0,366,0,26
"('remove 50% missing', 'remove 4s', 'Boruta', 'SMOTE', 'XGBoost')","XGBClassifier(objective='binary:logistic', base_score=None, booster=None, callbacks=None, colsample_bylevel=None, colsample_bynode=None, colsample_bytree=None, device=None, early_stopping_rounds=None, enable_categorical=False, eval_metric=None, feature_types=None, gamma=None, grow_policy=None, importance_type=None, interaction_constraints=None, learning_rate=None, max_bin=None, max_cat_threshold=None, max_cat_to_onehot=None, max_delta_step=None, max_depth=None, max_leaves=None, min_child_weight=None, missing=nan, monotone_constraints=None, multi_strategy=None, n_estimators=None, n_jobs=None, num_parallel_tree=None, random_state=None, reg_alpha=None, reg_lambda=None, sampling_method=None, scale_pos_weight=None, subsample=None, tree_method=None, validate_parameters=None, verbosity=None)","[[341  25]
 [ 21   5]]",0.8826530612244898,5,341,25,21
"('remove 50% missing', 'remove 4s', 'Boruta', 'SMOTE', 'RandomForest')","RandomForestClassifier(bootstrap=True, ccp_alpha=0.0, class_weight=None, criterion='gini', max_depth=None, max_features='auto', max_leaf_nodes=None, max_samples=None, min_impurity_decrease=0.0, min_samples_leaf=1, min_samples_split=2, min_weight_fraction_leaf=0.0, n_estimators=100, n_jobs=None, oob_score=False, random_state=None, verbose=0, warm_start=False)","[[340  26]
 [ 19   7]]",0.8852040816326531,7,340,26,19
"('remove 50% missing', 'remove 4s', 'Boruta', 'ROSE', 'XGBoost')","XGBClassifier(objective='binary:logistic', base_score=None, booster=None, callbacks=None, colsample_bylevel=None, colsample_bynode=None, colsample_bytree=None, device=None, early_stopping_rounds=None, enable_categorical=False, eval_metric=None, feature_types=None, gamma=None, grow_policy=None, importance_type=None, interaction_constraints=None, learning_rate=None, max_bin=None, max_cat_threshold=None, max_cat_to_onehot=None, max_delta_step=None, max_depth=None, max_leaves=None, min_child_weight=None, missing=nan, monotone_constraints=None, multi_strategy=None, n_estimators=None, n_jobs=None, num_parallel_tree=None, random_state=None, reg_alpha=None, reg_lambda=None, sampling_method=None, scale_pos_weight=None, subsample=None, tree_method=None, validate_parameters=None, verbosity=None)","[[356  10]
 [ 24   2]]",0.9132653061224489,2,356,10,24
"('remove 50% missing', 'remove 4s', 'Boruta', 'ROSE', 'RandomForest')","RandomForestClassifier(bootstrap=True, ccp_alpha=0.0, class_weight=None, criterion='gini', max_depth=None, max_features='auto', max_leaf_nodes=None, max_samples=None, min_impurity_decrease=0.0, min_samples_leaf=1, min_samples_split=2, min_weight_fraction_leaf=0.0, n_estimators=100, n_jobs=None, oob_score=False, random_state=None, verbose=0, warm_start=False)","[[360   6]
 [ 22   4]]",0.9285714285714286,4,360,6,22
"('remove 50% missing', 'replace with 4s boundary', 'PCA', 'SMOTE', 'XGBoost')","XGBClassifier(objective='binary:logistic', base_score=None, booster=None, callbacks=None, colsample_bylevel=None, colsample_bynode=None, colsample_bytree=None, device=None, early_stopping_rounds=None, enable_categorical=False, eval_metric=None, feature_types=None, gamma=None, grow_policy=None, importance_type=None, interaction_constraints=None, learning_rate=None, max_bin=None, max_cat_threshold=None, max_cat_to_onehot=None, max_delta_step=None, max_depth=None, max_leaves=None, min_child_weight=None, missing=nan, monotone_constraints=None, multi_strategy=None, n_estimators=None, n_jobs=None, num_parallel_tree=None, random_state=None, reg_alpha=None, reg_lambda=None, sampling_method=None, scale_pos_weight=None, subsample=None, tree_method=None, validate_parameters=None, verbosity=None)","[[361   5]
 [ 26   0]]",0.9209183673469388,0,361,5,26
"('remove 50% missing', 'replace with 4s boundary', 'PCA', 'SMOTE', 'RandomForest')","RandomForestClassifier(bootstrap=True, ccp_alpha=0.0, class_weight=None, criterion='gini', max_depth=None, max_features='auto', max_leaf_nodes=None, max_samples=None, min_impurity_decrease=0.0, min_samples_leaf=1, min_samples_split=2, min_weight_fraction_leaf=0.0, n_estimators=100, n_jobs=None, oob_score=False, random_state=None, verbose=0, warm_start=False)","[[366   0]
 [ 26   0]]",0.9336734693877551,0,366,0,26
"('remove 50% missing', 'replace with 4s boundary', 'PCA', 'ROSE', 'XGBoost')","XGBClassifier(objective='binary:logistic', base_score=None, booster=None, callbacks=None, colsample_bylevel=None, colsample_bynode=None, colsample_bytree=None, device=None, early_stopping_rounds=None, enable_categorical=False, eval_metric=None, feature_types=None, gamma=None, grow_policy=None, importance_type=None, interaction_constraints=None, learning_rate=None, max_bin=None, max_cat_threshold=None, max_cat_to_onehot=None, max_delta_step=None, max_depth=None, max_leaves=None, min_child_weight=None, missing=nan, monotone_constraints=None, multi_strategy=None, n_estimators=None, n_jobs=None, num_parallel_tree=None, random_state=None, reg_alpha=None, reg_lambda=None, sampling_method=None, scale_pos_weight=None, subsample=None, tree_method=None, validate_parameters=None, verbosity=None)","[[366   0]
 [ 26   0]]",0.9336734693877551,0,366,0,26
"('remove 50% missing', 'replace with 4s boundary', 'PCA', 'ROSE', 'RandomForest')","RandomForestClassifier(bootstrap=True, ccp_alpha=0.0, class_weight=None, criterion='gini', max_depth=None, max_features='auto', max_leaf_nodes=None, max_samples=None, min_impurity_decrease=0.0, min_samples_leaf=1, min_samples_split=2, min_weight_fraction_leaf=0.0, n_estimators=100, n_jobs=None, oob_score=False, random_state=None, verbose=0, warm_start=False)","[[366   0]
 [ 26   0]]",0.9336734693877551,0,366,0,26
"('remove 50% missing', 'replace with 4s boundary', 'Boruta', 'SMOTE', 'XGBoost')","XGBClassifier(objective='binary:logistic', base_score=None, booster=None, callbacks=None, colsample_bylevel=None, colsample_bynode=None, colsample_bytree=None, device=None, early_stopping_rounds=None, enable_categorical=False, eval_metric=None, feature_types=None, gamma=None, grow_policy=None, importance_type=None, interaction_constraints=None, learning_rate=None, max_bin=None, max_cat_threshold=None, max_cat_to_onehot=None, max_delta_step=None, max_depth=None, max_leaves=None, min_child_weight=None, missing=nan, monotone_constraints=None, multi_strategy=None, n_estimators=None, n_jobs=None, num_parallel_tree=None, random_state=None, reg_alpha=None, reg_lambda=None, sampling_method=None, scale_pos_weight=None, subsample=None, tree_method=None, validate_parameters=None, verbosity=None)","[[342  24]
 [ 18   8]]",0.8928571428571429,8,342,24,18
"('remove 50% missing', 'replace with 4s boundary', 'Boruta', 'SMOTE', 'RandomForest')","RandomForestClassifier(bootstrap=True, ccp_alpha=0.0, class_weight=None, criterion='gini', max_depth=None, max_features='auto', max_leaf_nodes=None, max_samples=None, min_impurity_decrease=0.0, min_samples_leaf=1, min_samples_split=2, min_weight_fraction_leaf=0.0, n_estimators=100, n_jobs=None, oob_score=False, random_state=None, verbose=0, warm_start=False)","[[341  25]
 [ 18   8]]",0.8903061224489796,8,341,25,18
"('remove 50% missing', 'replace with 4s boundary', 'Boruta', 'ROSE', 'XGBoost')","XGBClassifier(objective='binary:logistic', base_score=None, booster=None, callbacks=None, colsample_bylevel=None, colsample_bynode=None, colsample_bytree=None, device=None, early_stopping_rounds=None, enable_categorical=False, eval_metric=None, feature_types=None, gamma=None, grow_policy=None, importance_type=None, interaction_constraints=None, learning_rate=None, max_bin=None, max_cat_threshold=None, max_cat_to_onehot=None, max_delta_step=None, max_depth=None, max_leaves=None, min_child_weight=None, missing=nan, monotone_constraints=None, multi_strategy=None, n_estimators=None, n_jobs=None, num_parallel_tree=None, random_state=None, reg_alpha=None, reg_lambda=None, sampling_method=None, scale_pos_weight=None, subsample=None, tree_method=None, validate_parameters=None, verbosity=None)","[[353  13]
 [ 21   5]]",0.9132653061224489,5,353,13,21
"('remove 50% missing', 'replace with 4s boundary', 'Boruta', 'ROSE', 'RandomForest')","RandomForestClassifier(bootstrap=True, ccp_alpha=0.0, class_weight=None, criterion='gini', max_depth=None, max_features='auto', max_leaf_nodes=None, max_samples=None, min_impurity_decrease=0.0, min_samples_leaf=1, min_samples_split=2, min_weight_fraction_leaf=0.0, n_estimators=100, n_jobs=None, oob_score=False, random_state=None, verbose=0, warm_start=False)","[[359   7]
 [ 21   5]]",0.9285714285714286,5,359,7,21
"('remove 50% missing', 'Keep', 'PCA', 'SMOTE', 'XGBoost')","XGBClassifier(objective='binary:logistic', base_score=None, booster=None, callbacks=None, colsample_bylevel=None, colsample_bynode=None, colsample_bytree=None, device=None, early_stopping_rounds=None, enable_categorical=False, eval_metric=None, feature_types=None, gamma=None, grow_policy=None, importance_type=None, interaction_constraints=None, learning_rate=None, max_bin=None, max_cat_threshold=None, max_cat_to_onehot=None, max_delta_step=None, max_depth=None, max_leaves=None, min_child_weight=None, missing=nan, monotone_constraints=None, multi_strategy=None, n_estimators=None, n_jobs=None, num_parallel_tree=None, random_state=None, reg_alpha=None, reg_lambda=None, sampling_method=None, scale_pos_weight=None, subsample=None, tree_method=None, validate_parameters=None, verbosity=None)","[[361   5]
 [ 24   2]]",0.9260204081632653,2,361,5,24
"('remove 50% missing', 'Keep', 'PCA', 'SMOTE', 'RandomForest')","RandomForestClassifier(bootstrap=True, ccp_alpha=0.0, class_weight=None, criterion='gini', max_depth=None, max_features='auto', max_leaf_nodes=None, max_samples=None, min_impurity_decrease=0.0, min_samples_leaf=1, min_samples_split=2, min_weight_fraction_leaf=0.0, n_estimators=100, n_jobs=None, oob_score=False, random_state=None, verbose=0, warm_start=False)","[[365   1]
 [ 26   0]]",0.9311224489795918,0,365,1,26
"('remove 50% missing', 'Keep', 'PCA', 'ROSE', 'XGBoost')","XGBClassifier(objective='binary:logistic', base_score=None, booster=None, callbacks=None, colsample_bylevel=None, colsample_bynode=None, colsample_bytree=None, device=None, early_stopping_rounds=None, enable_categorical=False, eval_metric=None, feature_types=None, gamma=None, grow_policy=None, importance_type=None, interaction_constraints=None, learning_rate=None, max_bin=None, max_cat_threshold=None, max_cat_to_onehot=None, max_delta_step=None, max_depth=None, max_leaves=None, min_child_weight=None, missing=nan, monotone_constraints=None, multi_strategy=None, n_estimators=None, n_jobs=None, num_parallel_tree=None, random_state=None, reg_alpha=None, reg_lambda=None, sampling_method=None, scale_pos_weight=None, subsample=None, tree_method=None, validate_parameters=None, verbosity=None)","[[365   1]
 [ 26   0]]",0.9311224489795918,0,365,1,26
"('remove 50% missing', 'Keep', 'PCA', 'ROSE', 'RandomForest')","RandomForestClassifier(bootstrap=True, ccp_alpha=0.0, class_weight=None, criterion='gini', max_depth=None, max_features='auto', max_leaf_nodes=None, max_samples=None, min_impurity_decrease=0.0, min_samples_leaf=1, min_samples_split=2, min_weight_fraction_leaf=0.0, n_estimators=100, n_jobs=None, oob_score=False, random_state=None, verbose=0, warm_start=False)","[[366   0]
 [ 26   0]]",0.9336734693877551,0,366,0,26
"('remove 50% missing', 'Keep', 'Boruta', 'SMOTE', 'XGBoost')","XGBClassifier(objective='binary:logistic', base_score=None, booster=None, callbacks=None, colsample_bylevel=None, colsample_bynode=None, colsample_bytree=None, device=None, early_stopping_rounds=None, enable_categorical=False, eval_metric=None, feature_types=None, gamma=None, grow_policy=None, importance_type=None, interaction_constraints=None, learning_rate=None, max_bin=None, max_cat_threshold=None, max_cat_to_onehot=None, max_delta_step=None, max_depth=None, max_leaves=None, min_child_weight=None, missing=nan, monotone_constraints=None, multi_strategy=None, n_estimators=None, n_jobs=None, num_parallel_tree=None, random_state=None, reg_alpha=None, reg_lambda=None, sampling_method=None, scale_pos_weight=None, subsample=None, tree_method=None, validate_parameters=None, verbosity=None)","[[335  31]
 [ 20   6]]",0.8698979591836735,6,335,31,20
"('remove 50% missing', 'Keep', 'Boruta', 'SMOTE', 'RandomForest')","RandomForestClassifier(bootstrap=True, ccp_alpha=0.0, class_weight=None, criterion='gini', max_depth=None, max_features='auto', max_leaf_nodes=None, max_samples=None, min_impurity_decrease=0.0, min_samples_leaf=1, min_samples_split=2, min_weight_fraction_leaf=0.0, n_estimators=100, n_jobs=None, oob_score=False, random_state=None, verbose=0, warm_start=False)","[[337  29]
 [ 18   8]]",0.8801020408163265,8,337,29,18
"('remove 50% missing', 'Keep', 'Boruta', 'ROSE', 'XGBoost')","XGBClassifier(objective='binary:logistic', base_score=None, booster=None, callbacks=None, colsample_bylevel=None, colsample_bynode=None, colsample_bytree=None, device=None, early_stopping_rounds=None, enable_categorical=False, eval_metric=None, feature_types=None, gamma=None, grow_policy=None, importance_type=None, interaction_constraints=None, learning_rate=None, max_bin=None, max_cat_threshold=None, max_cat_to_onehot=None, max_delta_step=None, max_depth=None, max_leaves=None, min_child_weight=None, missing=nan, monotone_constraints=None, multi_strategy=None, n_estimators=None, n_jobs=None, num_parallel_tree=None, random_state=None, reg_alpha=None, reg_lambda=None, sampling_method=None, scale_pos_weight=None, subsample=None, tree_method=None, validate_parameters=None, verbosity=None)","[[354  12]
 [ 22   4]]",0.9132653061224489,4,354,12,22
"('remove 50% missing', 'Keep', 'Boruta', 'ROSE', 'RandomForest')","RandomForestClassifier(bootstrap=True, ccp_alpha=0.0, class_weight=None, criterion='gini', max_depth=None, max_features='auto', max_leaf_nodes=None, max_samples=None, min_impurity_decrease=0.0, min_samples_leaf=1, min_samples_split=2, min_weight_fraction_leaf=0.0, n_estimators=100, n_jobs=None, oob_score=False, random_state=None, verbose=0, warm_start=False)","[[360   6]
 [ 23   3]]",0.9260204081632653,3,360,6,23
